,Unnamed: 0,gentrifying_pct_chg_income_homeval_educ,gentrifying_pct_chg_income_homeval,gentrifying_pct_chg_homeval,key,Average_Word_Length,Average_Wordlength,Proportion_Words_Longer_Than_Five,Average_Readability_Score,Average_Syllables_Per_Word
196,196,1,1,1,2017_28083,4.430623293,4.430623293,0.232077007,70.10680851,1.320218501
602,602,1,1,1,2015_85345,4.307830245,4.307830245,0.21719735,64.74049767,1.299306865
6,6,1,1,1,2015_12958,5.019230769,5.019230769,0.288461538,88.02,1.326923077
400,400,1,1,1,2013_44135,4.308201261000001,4.308201261000001,0.232190055,53.48937158,1.293296607
551,551,1,1,1,2015_85201,4.320838299,4.320838299,0.22055632,64.70976455,1.301455313
634,634,1,1,1,2014_89104,4.278259276,4.278259276,0.21439060199999999,59.01781891,1.286648745
125,125,1,1,1,2017_15207,4.381638816000001,4.381638816000001,0.22465449,66.92778481,1.304605882
544,544,1,1,1,2013_85053,4.295514168,4.295514168,0.217160422,55.06643885,1.2903056640000001
394,394,1,1,1,2014_44132,4.334129268,4.334129268,0.219259051,64.2996875,1.278924482
654,654,1,1,1,2014_89115,4.268187268,4.268187268,0.21410259899999998,54.0248125,1.292414316
383,383,1,1,1,2015_44127,4.312335535,4.312335535,0.216334112,78.79285714,1.305534736
629,629,1,1,1,2014_89102,4.3029111769999995,4.3029111769999995,0.21040511399999998,63.135188600000006,1.2814166390000001
563,563,1,1,1,2017_85205,4.348144545,4.348144545,0.22371044399999998,67.14059245,1.3101413929999999
108,108,1,1,1,2015_15147,4.455485614,4.455485614,0.237533921,65.11628571,1.3313877379999999
34,34,1,1,1,2013_15067,4.306122449,4.306122449,0.22448979600000002,51.18,1.1836734690000001
220,220,1,1,1,2014_28205,4.345179224,4.345179224,0.225214412,59.94969697,1.294649058
155,155,1,1,1,2017_16502,4.095238095,4.095238095,0.206349206,92.53,1.19047619
187,187,1,1,1,2013_28081,4.4400045530000005,4.4400045530000005,0.24899812,61.6248,1.318490266
224,224,1,1,1,2014_28206,4.320788942,4.320788942,0.21863200000000002,59.2018931,1.29318528
39,39,1,1,1,2013_15068,4.27980889,4.27980889,0.203518895,53.05863014,1.2846946479999999
276,276,1,1,1,2013_29730,4.281743106,4.281743106,0.20977925100000003,66.38056604,1.279980992
470,470,1,1,1,2015_61801,4.458030248,4.458030248,0.22939589999999999,63.89720745,1.312246733
14,14,1,1,1,2013_15025,4.3240908860000005,4.3240908860000005,0.21805482399999998,5.556842105,1.300117969
525,525,1,1,1,2014_85037,4.255973139,4.255973139,0.21209911399999998,62.90815287,1.285019964
280,280,1,1,1,2017_29730,4.353329958,4.353329958,0.2219176,67.07477723,1.30336566
332,332,1,1,1,2014_44106,4.421956405,4.421956405,0.24059477699999998,59.37706116,1.326038372
31,31,1,1,1,2013_15063,4.345087433,4.345087433,0.22212119,76.36285714,1.3238909840000002
707,707,1,1,1,2016_95966,4.401745864,4.401745864,0.23301492399999998,24.66485714,1.341920115
581,581,1,1,1,2014_85303,4.257090241,4.257090241,0.21308849800000002,59.74614525,1.293598392
554,554,1,1,1,2013_85203,4.321090031000001,4.321090031000001,0.221944456,55.72022222,1.304969771
457,457,1,1,1,2014_53713,4.369731624,4.369731624,0.23715138100000002,46.27459596,1.313096332
571,571,1,1,1,2014_85281,4.319381609,4.319381609,0.22157061399999997,62.09758891,1.2976993000000001
615,615,1,1,1,2014_85705,4.451181102,4.451181102,0.350393701,78.975,1.27992126
512,512,1,1,1,2016_85031,4.31286381,4.31286381,0.21719666399999998,70.59914894,1.302355002
369,369,1,1,1,2016_44120,4.399297701,4.399297701,0.23881709199999998,63.30498645,1.3212673590000001
203,203,1,1,1,2015_28112,4.3394026189999995,4.3394026189999995,0.229644026,35.885,1.330912439
133,133,1,1,1,2015_15212,4.358342605,4.358342605,0.229796726,56.61699194,1.307224936
414,414,1,1,1,2013_44144,4.318538546,4.318538546,0.21960276399999998,42.52836879,1.2964624359999999
472,472,1,1,1,2017_61801,4.43153696,4.43153696,0.237463495,67.36125874,1.328519573
546,546,1,1,1,2015_85053,4.328223624,4.328223624,0.220064375,64.51608917,1.300584822
5,5,1,1,1,2017_11433,4.350898078,4.350898078,0.239025303,75.83,1.317139823
465,465,1,1,1,2017_53714,4.393580505,4.393580505,0.23226409899999997,64.56962121,1.3207303259999998
273,273,1,1,1,2013_29720,4.419117647,4.419117647,0.272058824,68.3,1.319852941
272,272,1,1,1,2017_29432,4.307894737,4.307894737,0.142631579,89.41,1.235263158
24,24,1,1,1,2017_15035,4.357234274,4.357234274,0.235511153,58.53521739,1.334269674
124,124,1,1,1,2016_15207,4.346683291000001,4.346683291000001,0.232471045,57.76509434,1.3084989059999999
129,129,1,1,1,2016_15210,4.377569445,4.377569445,0.230253846,61.82710407,1.314476351
255,255,1,1,1,2014_28217,4.314417205,4.314417205,0.22106629100000003,56.85909415,1.29591454
247,247,1,1,1,2016_28215,4.338693475,4.338693475,0.218785619,69.54438944,1.303075192
25,25,1,1,1,2013_15045,4.547247024,4.547247024,0.196800595,80.345,1.31547619
618,618,1,1,1,2014_89015,4.257669165,4.257669165,0.213089928,59.35570307,1.285656573
445,445,1,1,1,2013_44320,4.395282007,4.395282007,0.22575476100000003,60.055,1.305888565
2,2,1,1,1,2017_15240,4.68192894,4.68192894,0.279002259,51.23071429,1.398639371
229,229,1,1,1,2014_28208,4.348195723,4.348195723,0.23774602600000003,57.32311994,1.30488224
206,206,1,1,1,2013_28120,4.334375521,4.334375521,0.234493332,52.121612899999995,1.300399377
358,358,1,1,1,2015_44117,4.2723681330000005,4.2723681330000005,0.206861278,74.22058824,1.2899956320000001
79,79,1,1,1,2013_15132,4.078500092,4.078500092,0.189474007,41.581,1.245306621
238,238,1,1,1,2013_28213,4.353117582,4.353117582,0.223313508,54.545825,1.297508429
173,173,1,1,1,2014_28034,4.402825622,4.402825622,0.247824679,69.72047619,1.30417409
370,370,1,1,1,2017_44120,4.492051958,4.492051958,0.250466568,64.72765625,1.34884155
68,68,1,1,1,2015_15120,4.328670211,4.328670211,0.227776371,58.71221282,1.2996899240000002
221,221,1,1,1,2015_28205,4.37680436,4.37680436,0.22812657100000003,65.10516606,1.303001979
491,491,1,1,1,2013_85008,4.268145345,4.268145345,0.221445355,49.51200185,1.2907020340000002
416,416,1,1,1,2015_44144,4.336690954,4.336690954,0.21945593,62.79234667,1.29279974
565,565,1,1,1,2013_85208,4.276454497,4.276454497,0.215580181,62.66413043,1.29051324
595,595,1,1,1,2013_85335,4.297290566,4.297290566,0.216859721,53.34628571,1.299199975
222,222,1,1,1,2016_28205,4.380655245,4.380655245,0.22818719,67.24759458,1.304675692
591,591,1,1,1,2014_85323,4.259780911,4.259780911,0.21436113,59.58510759,1.294514694
111,111,1,1,1,2013_15148,4.28575323,4.28575323,0.216751584,33.34428571,1.276097489
608,608,1,1,1,2014_85353,4.269221342,4.269221342,0.210722973,64.72053968,1.287911512
145,145,1,1,1,2015_15223,4.373615244,4.373615244,0.225668024,53.64787234,1.316295956
211,211,1,1,1,2013_28127,4.381049394,4.381049394,0.24191663300000002,66.155,1.353841504
352,352,1,1,1,2014_44112,4.275203982,4.275203982,0.216905126,39.164375,1.2972586720000001
697,697,1,1,1,2016_92703,4.247811712,4.247811712,0.223728652,73.545,1.311878598
702,702,1,1,1,2016_93612,4.348174566,4.348174566,0.242805402,56.52615385,1.3398968
517,517,1,1,1,2016_85033,4.315165588,4.315165588,0.216575656,68.3770777,1.301340555
153,153,1,1,1,2015_16502,4.190747648,4.190747648,0.186678817,92.22,1.2086547429999999
639,639,1,1,1,2014_89106,4.275478958,4.275478958,0.21902860899999999,58.00371668,1.295459855
533,533,1,1,1,2017_85041,4.350627454,4.350627454,0.22275106600000003,67.67747489,1.309906325
557,557,1,1,1,2016_85203,4.3427592960000005,4.3427592960000005,0.22253047,66.25602367,1.31424119
188,188,1,1,1,2014_28081,4.526614961,4.526614961,0.247637178,69.71269231,1.329817643
245,245,1,1,1,2014_28215,4.299848627,4.299848627,0.214839967,62.73314815,1.2974689240000001
579,579,1,1,1,2017_85301,4.354616807,4.354616807,0.223338395,66.40959531,1.309825643
310,310,1,1,1,2013_44092,4.292094525,4.292094525,0.219795842,60.21555556,1.295626326
254,254,1,1,1,2013_28217,4.286683903,4.286683903,0.218699644,46.00365657,1.285845097
490,490,1,1,1,2017_85007,4.441261821,4.441261821,0.229193598,63.45417089,1.313914055
427,427,1,1,1,2016_44203,4.2829914769999995,4.2829914769999995,0.22124345899999998,56.36542857,1.289901123
103,103,1,1,1,2015_15145,4.273688618,4.273688618,0.20306884600000003,66.87235294,1.280173679
521,521,1,1,1,2015_85035,4.2607204030000005,4.2607204030000005,0.210242553,67.1853322,1.28555534
606,606,1,1,1,2017_85350,3.821428571,3.821428571,0.107142857,99.57,1.107142857
244,244,1,1,1,2013_28215,4.323149774,4.323149774,0.21414551,50.27195652,1.295849337
154,154,1,1,1,2016_16502,4.0625695219999995,4.0625695219999995,0.18800064100000002,88.756,1.233207771
587,587,1,1,1,2015_85307,4.313709513,4.313709513,0.216810091,51.57753846,1.304981557
51,51,1,1,1,2015_15104,4.411877431000001,4.411877431000001,0.235005913,42.96864407,1.309940382
655,655,1,1,1,2015_89115,4.266912877,4.266912877,0.211875462,57.90457527,1.2966205659999999
499,499,1,1,1,2016_85015,4.315590845,4.315590845,0.2195679,65.96671269,1.302319627
483,483,1,1,1,2015_61866,4.307247015,4.307247015,0.213213945,63.01649123,1.293506748
324,324,1,1,1,2016_44104,4.263250901,4.263250901,0.221881566,73.94,1.284822498
278,278,1,1,1,2015_29730,4.331832627,4.331832627,0.21798694300000002,62.52626582,1.295741282
673,673,0,0,0,2013_89128,4.292720707,4.292720707,0.21876148199999998,50.12721619,1.293507479
62,62,0,0,0,2014_15112,4.140285413,4.140285413,0.194277125,-14.7125,1.242150805
623,623,0,0,1,2013_89101,4.2673958569999995,4.2673958569999995,0.21570455800000002,46.52041124,1.280008567
402,402,0,0,1,2015_44135,4.357279349,4.357279349,0.236053357,63.64661046,1.31427832
65,65,0,0,1,2017_15112,4.205924533999999,4.205924533999999,0.232762462,75.8425,1.30203286
73,73,0,0,0,2015_15122,4.266688669,4.266688669,0.21308343300000002,52.41510949,1.286495039
511,511,0,0,1,2015_85031,4.309583851,4.309583851,0.21590642300000001,72.5504,1.290203423
640,640,0,0,0,2015_89106,4.297341578999999,4.297341578999999,0.22163198,59.25368828,1.304519315
242,242,0,0,1,2017_28213,4.343112304,4.343112304,0.224492566,69.07483908,1.306457156
473,473,0,0,0,2013_61802,4.321092804,4.321092804,0.225840796,34.87641892,1.30455279
564,564,0,0,0,2017_85206,4.331934403,4.331934403,0.226218662,65.55849161,1.317746061
574,574,0,0,0,2017_85281,4.361846686,4.361846686,0.22616999699999998,68.19932631,1.311602922
210,210,0,0,0,2017_28120,4.311175745,4.311175745,0.2148132,67.24851351,1.296797143
415,415,0,0,1,2014_44144,4.30871323,4.30871323,0.21703432399999997,64.52327068,1.283981938
484,484,0,1,1,2016_61866,4.361170087,4.361170087,0.221837354,72.4702439,1.305309861
318,318,0,0,1,2015_44103,4.294477345,4.294477345,0.223017212,64.52267045,1.289044038
538,538,0,1,1,2017_85043,4.326235928,4.326235928,0.22526698899999997,63.98361516,1.308304816
441,441,0,0,1,2014_44314,4.633986928000001,4.633986928000001,0.284313725,81.31,1.315359477
541,541,0,0,1,2015_85051,4.326782381,4.326782381,0.220980765,65.70652621,1.296852123
643,643,0,0,0,2013_89108,4.235022268,4.235022268,0.208462902,55.30964655,1.275955683
58,58,0,0,1,2015_15110,4.605085809,4.605085809,0.257078902,74.475,1.32969632
277,277,0,0,0,2014_29730,4.2355263789999995,4.2355263789999995,0.211150335,61.93825,1.277296035
288,288,0,0,0,2016_34667,4.1034118930000005,4.1034118930000005,0.215620521,67.4225,1.273910192
444,444,0,0,0,2017_44314,4.225857633,4.225857633,0.203001309,72.92625,1.258795775
217,217,0,0,0,2016_28164,4.294116711,4.294116711,0.209520983,68.139375,1.281700627
590,590,0,0,1,2013_85323,4.2841644830000005,4.2841644830000005,0.21641734399999998,57.42860424,1.290006494
241,241,0,0,1,2016_28213,4.348104454,4.348104454,0.221089192,68.23169598,1.309121433
199,199,0,1,1,2015_28098,4.3106825230000005,4.3106825230000005,0.232356108,55.07578947,1.296450603
249,249,0,0,0,2013_28216,4.265938475,4.265938475,0.214168238,51.7226817,1.283995569
363,363,0,0,0,2015_44119,4.375948185,4.375948185,0.230179981,64.67572464,1.305574873
424,424,0,0,0,2013_44203,4.428922859,4.428922859,0.23012314,63.01333333,1.313670586
625,625,0,1,1,2015_89101,4.35105976,4.35105976,0.22313936899999998,62.79488194,1.300381883
664,664,0,0,0,2014_89121,4.276269755,4.276269755,0.21168625100000002,60.81708873,1.289156525
263,263,0,0,0,2016_28501,4.367816092,4.367816092,0.344827586,-8.72,1.436781609
118,118,0,0,0,2015_15204,4.49414746,4.49414746,0.245564064,44.42428571,1.375182137
501,501,0,0,1,2013_85021,4.288436178,4.288436178,0.21781033800000002,50.401765999999995,1.287059155
437,437,0,0,0,2016_44310,4.458315475,4.458315475,0.22720242699999998,66.01285714,1.315787815
622,622,0,1,1,2013_89032,4.260714281,4.260714281,0.209470118,56.27576216,1.279754284
504,504,0,0,0,2016_85021,4.345583661,4.345583661,0.22359453,63.33721997,1.314753094
373,373,0,0,0,2015_44123,4.387645407,4.387645407,0.22803400699999998,61.11647541,1.30726937
291,291,0,0,0,2014_44035,4.358976644,4.358976644,0.218578075,66.36004405,1.3076513490000001
228,228,0,0,1,2013_28208,4.321844685,4.321844685,0.232696548,51.21105473,1.292845602
18,18,0,0,0,2015_15034,4.530591871,4.530591871,0.249975798,61.18555556,1.364646611
393,393,0,0,1,2013_44132,4.309626891000001,4.309626891000001,0.215714601,25.7975,1.275331052
706,706,0,0,0,2015_95966,4.279939873,4.279939873,0.224268434,6.196764706000001,1.324533265
371,371,0,0,1,2013_44123,4.387725318999999,4.387725318999999,0.227643929,43.64046512,1.31520873
684,684,0,0,1,2015_89156,4.310783902,4.310783902,0.21338158399999999,63.1677512,1.2962468109999998
460,460,0,0,0,2017_53713,4.397525323,4.397525323,0.237110458,55.51046774,1.318998196
1,1,0,0,0,2016_15240,4.196362269,4.196362269,0.19479347600000002,48.44384615,1.297611504
508,508,0,0,0,2016_85023,4.327948,4.327948,0.22135279600000002,64.00708368,1.302986131
406,406,0,0,0,2014_44137,4.2534494469999995,4.2534494469999995,0.219227984,58.96114286,1.286993282
455,455,0,0,0,2017_53703,4.432965415,4.432965415,0.24030626,65.01151784,1.320651272
378,378,0,0,0,2015_44125,4.401606883,4.401606883,0.234031706,62.74837121,1.3178401290000001
147,147,0,0,0,2017_15223,4.380861208,4.380861208,0.23548104399999997,61.32828283,1.320208098
543,543,0,0,0,2017_85051,4.346279563,4.346279563,0.223370855,67.28917127,1.306031673
223,223,0,0,0,2013_28206,4.311622042,4.311622042,0.217520025,48.60993031,1.288222878
641,641,0,0,0,2016_89106,4.301435126,4.301435126,0.221974632,62.92422564,1.3080215990000001
420,420,0,0,1,2014_44146,4.33689823,4.33689823,0.22469871600000002,59.76480447,1.307470637
11,11,0,1,1,2016_15003,4.416656771,4.416656771,0.233114778,65.94338983,1.301435903
227,227,0,0,1,2017_28206,4.377822548,4.377822548,0.23442470899999998,64.78808376,1.322606016
141,141,0,0,0,2013_15221,4.34739302,4.34739302,0.230041632,40.16298507,1.302696695
588,588,0,0,1,2016_85307,4.3048380989999995,4.3048380989999995,0.22039016,55.4737415,1.312353401
462,462,0,0,0,2014_53714,4.340112071,4.340112071,0.230821093,56.78508571,1.311643872
21,21,0,0,0,2014_15035,4.347814593,4.347814593,0.239022342,58.004,1.31102585
492,492,0,1,1,2014_85008,4.309348048,4.309348048,0.22503853399999998,57.94766070000001,1.300872396
27,27,0,0,1,2015_15045,4.2556431980000005,4.2556431980000005,0.202389653,74.31125,1.305633965
296,296,0,0,0,2014_44052,4.317996697,4.317996697,0.217928995,49.50395833,1.304614617
97,97,0,0,0,2014_15144,4.348987421,4.348987421,0.22311789199999998,59.72576923,1.296861076
528,528,0,0,0,2017_85037,4.320116551,4.320116551,0.21716480800000001,70.66343333,1.3027831490000001
207,207,0,0,1,2014_28120,4.362177788,4.362177788,0.217545076,52.54571429,1.321081558
509,509,0,0,1,2013_85031,4.320934726,4.320934726,0.20948191300000002,61.47926667,1.283475591
354,354,0,0,1,2016_44112,4.281865541,4.281865541,0.21033022899999998,62.54222222,1.281941494
700,700,0,0,0,2014_93612,4.265124538,4.265124538,0.232318797,70.12888889,1.299351074
292,292,0,0,0,2015_44035,4.344963798,4.344963798,0.220507975,69.90592375,1.300805597
46,46,0,0,0,2015_15084,4.268380124,4.268380124,0.213818383,65.23961538,1.286164239
266,266,0,1,1,2015_29204,4.121506708,4.121506708,0.179586298,63.5075,1.255279512
438,438,0,0,0,2017_44310,4.362313057,4.362313057,0.224305588,68.80793919,1.309947642
43,43,0,1,1,2017_15068,4.347637853,4.347637853,0.223866786,63.07116667,1.314037257
519,519,0,0,1,2013_85035,4.256043687,4.256043687,0.21418751600000002,56.99740196,1.28940738
75,75,0,0,1,2017_15122,4.319830176,4.319830176,0.22270423399999997,58.98237931,1.308826572
342,342,0,0,0,2014_44110,4.465052695,4.465052695,0.24197967,53.02971831,1.31766739
452,452,0,1,1,2013_53703,4.385230697,4.385230697,0.236679594,49.96367352,1.304914984
449,449,0,0,0,2017_44320,4.471186671,4.471186671,0.237888768,65.2184375,1.326775478
372,372,0,0,0,2014_44123,4.405121498,4.405121498,0.23026869,62.58454545,1.31721402
197,197,0,0,0,2013_28098,4.474519304,4.474519304,0.23195195300000002,61.19933333,1.326728502
573,573,0,0,1,2016_85281,4.3663621280000005,4.3663621280000005,0.225023455,67.78012714,1.308485228
567,567,0,0,1,2015_85208,4.266780774,4.266780774,0.214216612,63.0096748,1.2985279790000002
16,16,0,0,1,2013_15034,4.216572461,4.216572461,0.171083948,-64.95,1.25915294
500,500,0,0,0,2017_85015,4.329903355,4.329903355,0.22080572699999998,67.90339535,1.306710415
270,270,0,0,0,2015_29432,4.560726311,4.560726311,0.22089947100000001,79.61333333,1.3425925930000002
60,60,0,0,0,2017_15110,3.829071851,3.829071851,0.190626004,18.105999999999998,1.299007596
40,40,0,0,1,2014_15068,4.300230458,4.300230458,0.21488137699999998,63.18409836,1.2967806020000001
289,289,0,0,1,2017_34667,4.133333333,4.133333333,0.233333333,68.44,1.233333333
90,90,0,0,0,2015_15137,4.232788933,4.232788933,0.20692301,66.03927536,1.276791297
327,327,0,0,1,2014_44105,4.309436519,4.309436519,0.23239101899999998,52.15416667,1.291009919
77,77,0,0,0,2014_15131,4.305729669,4.305729669,0.210844285,67.71326087,1.295308978
165,165,0,0,0,2013_28025,4.326525661,4.326525661,0.230777757,51.98006289,1.312701275
407,407,0,0,0,2015_44137,4.279718408,4.279718408,0.206709982,66.59418605,1.2936819309999998
105,105,0,1,1,2017_15145,4.2874366219999995,4.2874366219999995,0.212722191,63.93083333,1.304938036
